"Influenza Hospitalization Rates (per 100,000 population) are for the "FluSurv-NET Network (downloaded on Oct-08-2014)
Influenza Division - Centers for Disease Control and Prevention.
CATCHMENT,NETWORK,SEASON,MMWR-YEAR,MMWR-WEEK,AGE CATEGORY,RATE 
Entire Network,FluSurv-NET,2009-10,2009,35,0-4 yr,0.5
Entire Network,FluSurv-NET,2009-10,2009,36,0-4 yr,2.5
Entire Network,FluSurv-NET,2009-10,2009,37,0-4 yr,4.6
Entire Network,FluSurv-NET,2009-10,2009,38,0-4 yr,6.7
Entire Network,FluSurv-NET,2009-10,2009,39,0-4 yr,10.9
Entire Network,FluSurv-NET,2009-10,2009,40,0-4 yr,18.1
Entire Network,FluSurv-NET,2009-10,2009,41,0-4 yr,28.3
Entire Network,FluSurv-NET,2009-10,2009,42,0-4 yr,39.1
Entire Network,FluSurv-NET,2009-10,2009,43,0-4 yr,47.3
Entire Network,FluSurv-NET,2009-10,2009,44,0-4 yr,53.3
Entire Network,FluSurv-NET,2009-10,2009,45,0-4 yr,57.5
Entire Network,FluSurv-NET,2009-10,2009,46,0-4 yr,60.1
Entire Network,FluSurv-NET,2009-10,2009,47,0-4 yr,61.6
Entire Network,FluSurv-NET,2009-10,2009,48,0-4 yr,62.9
Entire Network,FluSurv-NET,2009-10,2009,49,0-4 yr,64.1
Entire Network,FluSurv-NET,2009-10,2009,50,0-4 yr,65.1
Entire Network,FluSurv-NET,2009-10,2009,51,0-4 yr,66.3
Entire Network,FluSurv-NET,2009-10,2009,52,0-4 yr,67.4
Entire Network,FluSurv-NET,2009-10,2010,1,0-4 yr,68.4
Entire Network,FluSurv-NET,2009-10,2010,2,0-4 yr,69
Entire Network,FluSurv-NET,2009-10,2010,3,0-4 yr,70.3
Entire Network,FluSurv-NET,2009-10,2010,4,0-4 yr,71.3
Entire Network,FluSurv-NET,2009-10,2010,5,0-4 yr,72.4
Entire Network,FluSurv-NET,2009-10,2010,6,0-4 yr,73
Entire Network,FluSurv-NET,2009-10,2010,7,0-4 yr,73.7
Entire Network,FluSurv-NET,2009-10,2010,8,0-4 yr,74.2
Entire Network,FluSurv-NET,2009-10,2010,9,0-4 yr,74.7
Entire Network,FluSurv-NET,2009-10,2010,10,0-4 yr,75.1
Entire Network,FluSurv-NET,2009-10,2010,11,0-4 yr,75.5
Entire Network,FluSurv-NET,2009-10,2010,12,0-4 yr,75.8
Entire Network,FluSurv-NET,2009-10,2010,13,0-4 yr,76.1
Entire Network,FluSurv-NET,2009-10,2010,14,0-4 yr,76.5
Entire Network,FluSurv-NET,2009-10,2010,15,0-4 yr,76.8
Entire Network,FluSurv-NET,2009-10,2010,16,0-4 yr,77.2
Entire Network,FluSurv-NET,2009-10,2010,17,0-4 yr,77.4
Entire Network,FluSurv-NET,2010-11,2010,40,0-4 yr,0.1
Entire Network,FluSurv-NET,2010-11,2010,41,0-4 yr,0.3
Entire Network,FluSurv-NET,2010-11,2010,42,0-4 yr,0.6
Entire Network,FluSurv-NET,2010-11,2010,43,0-4 yr,0.9
Entire Network,FluSurv-NET,2010-11,2010,44,0-4 yr,1.2
Entire Network,FluSurv-NET,2010-11,2010,45,0-4 yr,1.5
Entire Network,FluSurv-NET,2010-11,2010,46,0-4 yr,1.8
Entire Network,FluSurv-NET,2010-11,2010,47,0-4 yr,2.2
Entire Network,FluSurv-NET,2010-11,2010,48,0-4 yr,3.1
Entire Network,FluSurv-NET,2010-11,2010,49,0-4 yr,4.1
Entire Network,FluSurv-NET,2010-11,2010,50,0-4 yr,5.1
Entire Network,FluSurv-NET,2010-11,2010,51,0-4 yr,6.3
Entire Network,FluSurv-NET,2010-11,2010,52,0-4 yr,8.3
Entire Network,FluSurv-NET,2010-11,2011,1,0-4 yr,10.1
Entire Network,FluSurv-NET,2010-11,2011,2,0-4 yr,12.6
Entire Network,FluSurv-NET,2010-11,2011,3,0-4 yr,15.4
Entire Network,FluSurv-NET,2010-11,2011,4,0-4 yr,18.9
Entire Network,FluSurv-NET,2010-11,2011,5,0-4 yr,23.4
Entire Network,FluSurv-NET,2010-11,2011,6,0-4 yr,27.2
Entire Network,FluSurv-NET,2010-11,2011,7,0-4 yr,31.1
Entire Network,FluSurv-NET,2010-11,2011,8,0-4 yr,35.7
Entire Network,FluSurv-NET,2010-11,2011,9,0-4 yr,38.9
Entire Network,FluSurv-NET,2010-11,2011,10,0-4 yr,42
Entire Network,FluSurv-NET,2010-11,2011,11,0-4 yr,44.4
Entire Network,FluSurv-NET,2010-11,2011,12,0-4 yr,46.3
Entire Network,FluSurv-NET,2010-11,2011,13,0-4 yr,47.4
Entire Network,FluSurv-NET,2010-11,2011,14,0-4 yr,48.1
Entire Network,FluSurv-NET,2010-11,2011,15,0-4 yr,48.7
Entire Network,FluSurv-NET,2010-11,2011,16,0-4 yr,49.2
Entire Network,FluSurv-NET,2010-11,2011,17,0-4 yr,49.4
Entire Network,FluSurv-NET,2011-12,2011,40,0-4 yr,0.1
Entire Network,FluSurv-NET,2011-12,2011,41,0-4 yr,0.1
Entire Network,FluSurv-NET,2011-12,2011,42,0-4 yr,0.2
Entire Network,FluSurv-NET,2011-12,2011,43,0-4 yr,0.2
Entire Network,FluSurv-NET,2011-12,2011,44,0-4 yr,0.2
Entire Network,FluSurv-NET,2011-12,2011,45,0-4 yr,0.2
Entire Network,FluSurv-NET,2011-12,2011,46,0-4 yr,0.2
Entire Network,FluSurv-NET,2011-12,2011,47,0-4 yr,0.4
Entire Network,FluSurv-NET,2011-12,2011,48,0-4 yr,0.6
Entire Network,FluSurv-NET,2011-12,2011,49,0-4 yr,0.6
Entire Network,FluSurv-NET,2011-12,2011,50,0-4 yr,0.8
Entire Network,FluSurv-NET,2011-12,2011,51,0-4 yr,0.8
Entire Network,FluSurv-NET,2011-12,2011,52,0-4 yr,1
Entire Network,FluSurv-NET,2011-12,2012,1,0-4 yr,1
Entire Network,FluSurv-NET,2011-12,2012,2,0-4 yr,1.3
Entire Network,FluSurv-NET,2011-12,2012,3,0-4 yr,1.6
Entire Network,FluSurv-NET,2011-12,2012,4,0-4 yr,1.7
Entire Network,FluSurv-NET,2011-12,2012,5,0-4 yr,2.1
Entire Network,FluSurv-NET,2011-12,2012,6,0-4 yr,2.7
Entire Network,FluSurv-NET,2011-12,2012,7,0-4 yr,3.6
Entire Network,FluSurv-NET,2011-12,2012,8,0-4 yr,4.7
Entire Network,FluSurv-NET,2011-12,2012,9,0-4 yr,5.6
Entire Network,FluSurv-NET,2011-12,2012,10,0-4 yr,7.3
Entire Network,FluSurv-NET,2011-12,2012,11,0-4 yr,9.4
Entire Network,FluSurv-NET,2011-12,2012,12,0-4 yr,11.4
Entire Network,FluSurv-NET,2011-12,2012,13,0-4 yr,12.8
Entire Network,FluSurv-NET,2011-12,2012,14,0-4 yr,13.5
Entire Network,FluSurv-NET,2011-12,2012,15,0-4 yr,14.4
Entire Network,FluSurv-NET,2011-12,2012,16,0-4 yr,15
Entire Network,FluSurv-NET,2011-12,2012,17,0-4 yr,15.9
Entire Network,FluSurv-NET,2012-13,2012,40,0-4 yr,0.2
Entire Network,FluSurv-NET,2012-13,2012,41,0-4 yr,0.2
Entire Network,FluSurv-NET,2012-13,2012,42,0-4 yr,0.2
Entire Network,FluSurv-NET,2012-13,2012,43,0-4 yr,0.3
Entire Network,FluSurv-NET,2012-13,2012,44,0-4 yr,0.6
Entire Network,FluSurv-NET,2012-13,2012,45,0-4 yr,1
Entire Network,FluSurv-NET,2012-13,2012,46,0-4 yr,2.1
Entire Network,FluSurv-NET,2012-13,2012,47,0-4 yr,3
Entire Network,FluSurv-NET,2012-13,2012,48,0-4 yr,4.7
Entire Network,FluSurv-NET,2012-13,2012,49,0-4 yr,7
Entire Network,FluSurv-NET,2012-13,2012,50,0-4 yr,10.2
Entire Network,FluSurv-NET,2012-13,2012,51,0-4 yr,15
Entire Network,FluSurv-NET,2012-13,2012,52,0-4 yr,19.5
Entire Network,FluSurv-NET,2012-13,2013,1,0-4 yr,25.5
Entire Network,FluSurv-NET,2012-13,2013,2,0-4 yr,31.6
Entire Network,FluSurv-NET,2012-13,2013,3,0-4 yr,37.2
Entire Network,FluSurv-NET,2012-13,2013,4,0-4 yr,41.6
Entire Network,FluSurv-NET,2012-13,2013,5,0-4 yr,45.6
Entire Network,FluSurv-NET,2012-13,2013,6,0-4 yr,48.7
Entire Network,FluSurv-NET,2012-13,2013,7,0-4 yr,51.7
Entire Network,FluSurv-NET,2012-13,2013,8,0-4 yr,54.4
Entire Network,FluSurv-NET,2012-13,2013,9,0-4 yr,56.7
Entire Network,FluSurv-NET,2012-13,2013,10,0-4 yr,58.3
Entire Network,FluSurv-NET,2012-13,2013,11,0-4 yr,60.5
Entire Network,FluSurv-NET,2012-13,2013,12,0-4 yr,62.3
Entire Network,FluSurv-NET,2012-13,2013,13,0-4 yr,63.5
Entire Network,FluSurv-NET,2012-13,2013,14,0-4 yr,65.2
Entire Network,FluSurv-NET,2012-13,2013,15,0-4 yr,65.7
Entire Network,FluSurv-NET,2012-13,2013,16,0-4 yr,66.1
Entire Network,FluSurv-NET,2012-13,2013,17,0-4 yr,66.8
Entire Network,FluSurv-NET,2013-14,2013,40,0-4 yr,0.1
Entire Network,FluSurv-NET,2013-14,2013,41,0-4 yr,0.2
Entire Network,FluSurv-NET,2013-14,2013,42,0-4 yr,0.3
Entire Network,FluSurv-NET,2013-14,2013,43,0-4 yr,0.6
Entire Network,FluSurv-NET,2013-14,2013,44,0-4 yr,0.8
Entire Network,FluSurv-NET,2013-14,2013,45,0-4 yr,1
Entire Network,FluSurv-NET,2013-14,2013,46,0-4 yr,1.2
Entire Network,FluSurv-NET,2013-14,2013,47,0-4 yr,1.7
Entire Network,FluSurv-NET,2013-14,2013,48,0-4 yr,2.9
Entire Network,FluSurv-NET,2013-14,2013,49,0-4 yr,4.8
Entire Network,FluSurv-NET,2013-14,2013,50,0-4 yr,7.3
Entire Network,FluSurv-NET,2013-14,2013,51,0-4 yr,10.3
Entire Network,FluSurv-NET,2013-14,2013,52,0-4 yr,14
Entire Network,FluSurv-NET,2013-14,2014,1,0-4 yr,20.1
Entire Network,FluSurv-NET,2013-14,2014,2,0-4 yr,25
Entire Network,FluSurv-NET,2013-14,2014,3,0-4 yr,28.9
Entire Network,FluSurv-NET,2013-14,2014,4,0-4 yr,32.1
Entire Network,FluSurv-NET,2013-14,2014,5,0-4 yr,34.6
Entire Network,FluSurv-NET,2013-14,2014,6,0-4 yr,36.4
Entire Network,FluSurv-NET,2013-14,2014,7,0-4 yr,37.9
Entire Network,FluSurv-NET,2013-14,2014,8,0-4 yr,39.4
Entire Network,FluSurv-NET,2013-14,2014,9,0-4 yr,40.6
Entire Network,FluSurv-NET,2013-14,2014,10,0-4 yr,41.5
Entire Network,FluSurv-NET,2013-14,2014,11,0-4 yr,42.3
Entire Network,FluSurv-NET,2013-14,2014,12,0-4 yr,42.9
Entire Network,FluSurv-NET,2013-14,2014,13,0-4 yr,43.6
Entire Network,FluSurv-NET,2013-14,2014,14,0-4 yr,44.4
Entire Network,FluSurv-NET,2013-14,2014,15,0-4 yr,45.2
Entire Network,FluSurv-NET,2013-14,2014,16,0-4 yr,46.1
Entire Network,FluSurv-NET,2013-14,2014,17,0-4 yr,46.7
Entire Network,FluSurv-NET,2009-10,2009,35,5-17 yr,0.3
Entire Network,FluSurv-NET,2009-10,2009,36,5-17 yr,1.2
Entire Network,FluSurv-NET,2009-10,2009,37,5-17 yr,2.1
Entire Network,FluSurv-NET,2009-10,2009,38,5-17 yr,3.4
Entire Network,FluSurv-NET,2009-10,2009,39,5-17 yr,5.4
Entire Network,FluSurv-NET,2009-10,2009,40,5-17 yr,9.1
Entire Network,FluSurv-NET,2009-10,2009,41,5-17 yr,13.5
Entire Network,FluSurv-NET,2009-10,2009,42,5-17 yr,17.6
Entire Network,FluSurv-NET,2009-10,2009,43,5-17 yr,21.1
Entire Network,FluSurv-NET,2009-10,2009,44,5-17 yr,23.4
Entire Network,FluSurv-NET,2009-10,2009,45,5-17 yr,24.6
Entire Network,FluSurv-NET,2009-10,2009,46,5-17 yr,25.4
Entire Network,FluSurv-NET,2009-10,2009,47,5-17 yr,25.8
Entire Network,FluSurv-NET,2009-10,2009,48,5-17 yr,26
Entire Network,FluSurv-NET,2009-10,2009,49,5-17 yr,26.2
Entire Network,FluSurv-NET,2009-10,2009,50,5-17 yr,26.4
Entire Network,FluSurv-NET,2009-10,2009,51,5-17 yr,26.5
Entire Network,FluSurv-NET,2009-10,2009,52,5-17 yr,26.5
Entire Network,FluSurv-NET,2009-10,2010,1,5-17 yr,26.6
Entire Network,FluSurv-NET,2009-10,2010,2,5-17 yr,26.7
Entire Network,FluSurv-NET,2009-10,2010,3,5-17 yr,26.7
Entire Network,FluSurv-NET,2009-10,2010,4,5-17 yr,26.7
Entire Network,FluSurv-NET,2009-10,2010,5,5-17 yr,26.8
Entire Network,FluSurv-NET,2009-10,2010,6,5-17 yr,26.8
Entire Network,FluSurv-NET,2009-10,2010,7,5-17 yr,26.9
Entire Network,FluSurv-NET,2009-10,2010,8,5-17 yr,26.9
Entire Network,FluSurv-NET,2009-10,2010,9,5-17 yr,27
Entire Network,FluSurv-NET,2009-10,2010,10,5-17 yr,27
Entire Network,FluSurv-NET,2009-10,2010,11,5-17 yr,27.1
Entire Network,FluSurv-NET,2009-10,2010,12,5-17 yr,27.2
Entire Network,FluSurv-NET,2009-10,2010,13,5-17 yr,27.2
Entire Network,FluSurv-NET,2009-10,2010,14,5-17 yr,27.2
Entire Network,FluSurv-NET,2009-10,2010,15,5-17 yr,27.2
Entire Network,FluSurv-NET,2009-10,2010,16,5-17 yr,27.2
Entire Network,FluSurv-NET,2009-10,2010,17,5-17 yr,27.2
Entire Network,FluSurv-NET,2010-11,2010,40,5-17 yr,0
Entire Network,FluSurv-NET,2010-11,2010,41,5-17 yr,0
Entire Network,FluSurv-NET,2010-11,2010,42,5-17 yr,0.1
Entire Network,FluSurv-NET,2010-11,2010,43,5-17 yr,0.1
Entire Network,FluSurv-NET,2010-11,2010,44,5-17 yr,0.2
Entire Network,FluSurv-NET,2010-11,2010,45,5-17 yr,0.3
Entire Network,FluSurv-NET,2010-11,2010,46,5-17 yr,0.3
Entire Network,FluSurv-NET,2010-11,2010,47,5-17 yr,0.4
Entire Network,FluSurv-NET,2010-11,2010,48,5-17 yr,0.5
Entire Network,FluSurv-NET,2010-11,2010,49,5-17 yr,0.7
Entire Network,FluSurv-NET,2010-11,2010,50,5-17 yr,0.9
Entire Network,FluSurv-NET,2010-11,2010,51,5-17 yr,1.2
Entire Network,FluSurv-NET,2010-11,2010,52,5-17 yr,1.5
Entire Network,FluSurv-NET,2010-11,2011,1,5-17 yr,1.7
Entire Network,FluSurv-NET,2010-11,2011,2,5-17 yr,2.1
Entire Network,FluSurv-NET,2010-11,2011,3,5-17 yr,2.6
Entire Network,FluSurv-NET,2010-11,2011,4,5-17 yr,3.3
Entire Network,FluSurv-NET,2010-11,2011,5,5-17 yr,4.1
Entire Network,FluSurv-NET,2010-11,2011,6,5-17 yr,4.8
Entire Network,FluSurv-NET,2010-11,2011,7,5-17 yr,5.5
Entire Network,FluSurv-NET,2010-11,2011,8,5-17 yr,6.4
Entire Network,FluSurv-NET,2010-11,2011,9,5-17 yr,7.3
Entire Network,FluSurv-NET,2010-11,2011,10,5-17 yr,7.7
Entire Network,FluSurv-NET,2010-11,2011,11,5-17 yr,8.2
Entire Network,FluSurv-NET,2010-11,2011,12,5-17 yr,8.5
Entire Network,FluSurv-NET,2010-11,2011,13,5-17 yr,8.8
Entire Network,FluSurv-NET,2010-11,2011,14,5-17 yr,8.9
Entire Network,FluSurv-NET,2010-11,2011,15,5-17 yr,9
Entire Network,FluSurv-NET,2010-11,2011,16,5-17 yr,9
Entire Network,FluSurv-NET,2010-11,2011,17,5-17 yr,9.1
Entire Network,FluSurv-NET,2011-12,2011,40,5-17 yr,0
Entire Network,FluSurv-NET,2011-12,2011,41,5-17 yr,0
Entire Network,FluSurv-NET,2011-12,2011,42,5-17 yr,0
Entire Network,FluSurv-NET,2011-12,2011,43,5-17 yr,0
Entire Network,FluSurv-NET,2011-12,2011,44,5-17 yr,0
Entire Network,FluSurv-NET,2011-12,2011,45,5-17 yr,0
Entire Network,FluSurv-NET,2011-12,2011,46,5-17 yr,0
Entire Network,FluSurv-NET,2011-12,2011,47,5-17 yr,0
Entire Network,FluSurv-NET,2011-12,2011,48,5-17 yr,0
Entire Network,FluSurv-NET,2011-12,2011,49,5-17 yr,0.1
Entire Network,FluSurv-NET,2011-12,2011,50,5-17 yr,0.1
Entire Network,FluSurv-NET,2011-12,2011,51,5-17 yr,0.1
Entire Network,FluSurv-NET,2011-12,2011,52,5-17 yr,0.1
Entire Network,FluSurv-NET,2011-12,2012,1,5-17 yr,0.1
Entire Network,FluSurv-NET,2011-12,2012,2,5-17 yr,0.2
Entire Network,FluSurv-NET,2011-12,2012,3,5-17 yr,0.2
Entire Network,FluSurv-NET,2011-12,2012,4,5-17 yr,0.2
Entire Network,FluSurv-NET,2011-12,2012,5,5-17 yr,0.3
Entire Network,FluSurv-NET,2011-12,2012,6,5-17 yr,0.5
Entire Network,FluSurv-NET,2011-12,2012,7,5-17 yr,0.6
Entire Network,FluSurv-NET,2011-12,2012,8,5-17 yr,0.8
Entire Network,FluSurv-NET,2011-12,2012,9,5-17 yr,1.1
Entire Network,FluSurv-NET,2011-12,2012,10,5-17 yr,1.5
Entire Network,FluSurv-NET,2011-12,2012,11,5-17 yr,1.9
Entire Network,FluSurv-NET,2011-12,2012,12,5-17 yr,2.4
Entire Network,FluSurv-NET,2011-12,2012,13,5-17 yr,2.9
Entire Network,FluSurv-NET,2011-12,2012,14,5-17 yr,3.3
Entire Network,FluSurv-NET,2011-12,2012,15,5-17 yr,3.4
Entire Network,FluSurv-NET,2011-12,2012,16,5-17 yr,3.8
Entire Network,FluSurv-NET,2011-12,2012,17,5-17 yr,4
Entire Network,FluSurv-NET,2012-13,2012,40,5-17 yr,0
Entire Network,FluSurv-NET,2012-13,2012,41,5-17 yr,0.1
Entire Network,FluSurv-NET,2012-13,2012,42,5-17 yr,0.1
Entire Network,FluSurv-NET,2012-13,2012,43,5-17 yr,0.1
Entire Network,FluSurv-NET,2012-13,2012,44,5-17 yr,0.2
Entire Network,FluSurv-NET,2012-13,2012,45,5-17 yr,0.3
Entire Network,FluSurv-NET,2012-13,2012,46,5-17 yr,0.5
Entire Network,FluSurv-NET,2012-13,2012,47,5-17 yr,0.8
Entire Network,FluSurv-NET,2012-13,2012,48,5-17 yr,1
Entire Network,FluSurv-NET,2012-13,2012,49,5-17 yr,1.9
Entire Network,FluSurv-NET,2012-13,2012,50,5-17 yr,2.7
Entire Network,FluSurv-NET,2012-13,2012,51,5-17 yr,3.8
Entire Network,FluSurv-NET,2012-13,2012,52,5-17 yr,4.7
Entire Network,FluSurv-NET,2012-13,2013,1,5-17 yr,5.5
Entire Network,FluSurv-NET,2012-13,2013,2,5-17 yr,6.1
Entire Network,FluSurv-NET,2012-13,2013,3,5-17 yr,7.1
Entire Network,FluSurv-NET,2012-13,2013,4,5-17 yr,8
Entire Network,FluSurv-NET,2012-13,2013,5,5-17 yr,8.9
Entire Network,FluSurv-NET,2012-13,2013,6,5-17 yr,9.8
Entire Network,FluSurv-NET,2012-13,2013,7,5-17 yr,10.3
Entire Network,FluSurv-NET,2012-13,2013,8,5-17 yr,11.1
Entire Network,FluSurv-NET,2012-13,2013,9,5-17 yr,11.6
Entire Network,FluSurv-NET,2012-13,2013,10,5-17 yr,12
Entire Network,FluSurv-NET,2012-13,2013,11,5-17 yr,12.7
Entire Network,FluSurv-NET,2012-13,2013,12,5-17 yr,13.2
Entire Network,FluSurv-NET,2012-13,2013,13,5-17 yr,13.7
Entire Network,FluSurv-NET,2012-13,2013,14,5-17 yr,14
Entire Network,FluSurv-NET,2012-13,2013,15,5-17 yr,14.2
Entire Network,FluSurv-NET,2012-13,2013,16,5-17 yr,14.3
Entire Network,FluSurv-NET,2012-13,2013,17,5-17 yr,14.4
Entire Network,FluSurv-NET,2013-14,2013,40,5-17 yr,0
Entire Network,FluSurv-NET,2013-14,2013,41,5-17 yr,0
Entire Network,FluSurv-NET,2013-14,2013,42,5-17 yr,0
Entire Network,FluSurv-NET,2013-14,2013,43,5-17 yr,0
Entire Network,FluSurv-NET,2013-14,2013,44,5-17 yr,0.1
Entire Network,FluSurv-NET,2013-14,2013,45,5-17 yr,0.1
Entire Network,FluSurv-NET,2013-14,2013,46,5-17 yr,0.2
Entire Network,FluSurv-NET,2013-14,2013,47,5-17 yr,0.3
Entire Network,FluSurv-NET,2013-14,2013,48,5-17 yr,0.5
Entire Network,FluSurv-NET,2013-14,2013,49,5-17 yr,0.8
Entire Network,FluSurv-NET,2013-14,2013,50,5-17 yr,1.3
Entire Network,FluSurv-NET,2013-14,2013,51,5-17 yr,2
Entire Network,FluSurv-NET,2013-14,2013,52,5-17 yr,2.8
Entire Network,FluSurv-NET,2013-14,2014,1,5-17 yr,3.5
Entire Network,FluSurv-NET,2013-14,2014,2,5-17 yr,4.4
Entire Network,FluSurv-NET,2013-14,2014,3,5-17 yr,5
Entire Network,FluSurv-NET,2013-14,2014,4,5-17 yr,5.8
Entire Network,FluSurv-NET,2013-14,2014,5,5-17 yr,6.4
Entire Network,FluSurv-NET,2013-14,2014,6,5-17 yr,6.8
Entire Network,FluSurv-NET,2013-14,2014,7,5-17 yr,7.1
Entire Network,FluSurv-NET,2013-14,2014,8,5-17 yr,7.4
Entire Network,FluSurv-NET,2013-14,2014,9,5-17 yr,7.6
Entire Network,FluSurv-NET,2013-14,2014,10,5-17 yr,7.7
Entire Network,FluSurv-NET,2013-14,2014,11,5-17 yr,8
Entire Network,FluSurv-NET,2013-14,2014,12,5-17 yr,8.3
Entire Network,FluSurv-NET,2013-14,2014,13,5-17 yr,8.6
Entire Network,FluSurv-NET,2013-14,2014,14,5-17 yr,8.9
Entire Network,FluSurv-NET,2013-14,2014,15,5-17 yr,9
Entire Network,FluSurv-NET,2013-14,2014,16,5-17 yr,9.2
Entire Network,FluSurv-NET,2013-14,2014,17,5-17 yr,9.5
Entire Network,FluSurv-NET,2009-10,2009,35,18-49 yr,0.3
Entire Network,FluSurv-NET,2009-10,2009,36,18-49 yr,1.1
Entire Network,FluSurv-NET,2009-10,2009,37,18-49 yr,1.8
Entire Network,FluSurv-NET,2009-10,2009,38,18-49 yr,2.7
Entire Network,FluSurv-NET,2009-10,2009,39,18-49 yr,4.1
Entire Network,FluSurv-NET,2009-10,2009,40,18-49 yr,6.2
Entire Network,FluSurv-NET,2009-10,2009,41,18-49 yr,9.2
Entire Network,FluSurv-NET,2009-10,2009,42,18-49 yr,12.3
Entire Network,FluSurv-NET,2009-10,2009,43,18-49 yr,15.1
Entire Network,FluSurv-NET,2009-10,2009,44,18-49 yr,17.4
Entire Network,FluSurv-NET,2009-10,2009,45,18-49 yr,18.7
Entire Network,FluSurv-NET,2009-10,2009,46,18-49 yr,19.8
Entire Network,FluSurv-NET,2009-10,2009,47,18-49 yr,20.4
Entire Network,FluSurv-NET,2009-10,2009,48,18-49 yr,20.8
Entire Network,FluSurv-NET,2009-10,2009,49,18-49 yr,21
Entire Network,FluSurv-NET,2009-10,2009,50,18-49 yr,21.2
Entire Network,FluSurv-NET,2009-10,2009,51,18-49 yr,21.3
Entire Network,FluSurv-NET,2009-10,2009,52,18-49 yr,21.5
Entire Network,FluSurv-NET,2009-10,2010,1,18-49 yr,21.7
Entire Network,FluSurv-NET,2009-10,2010,2,18-49 yr,21.8
Entire Network,FluSurv-NET,2009-10,2010,3,18-49 yr,22
Entire Network,FluSurv-NET,2009-10,2010,4,18-49 yr,22.1
Entire Network,FluSurv-NET,2009-10,2010,5,18-49 yr,22.2
Entire Network,FluSurv-NET,2009-10,2010,6,18-49 yr,22.3
Entire Network,FluSurv-NET,2009-10,2010,7,18-49 yr,22.5
Entire Network,FluSurv-NET,2009-10,2010,8,18-49 yr,22.6
Entire Network,FluSurv-NET,2009-10,2010,9,18-49 yr,22.8
Entire Network,FluSurv-NET,2009-10,2010,10,18-49 yr,23
Entire Network,FluSurv-NET,2009-10,2010,11,18-49 yr,23.1
Entire Network,FluSurv-NET,2009-10,2010,12,18-49 yr,23.2
Entire Network,FluSurv-NET,2009-10,2010,13,18-49 yr,23.3
Entire Network,FluSurv-NET,2009-10,2010,14,18-49 yr,23.3
Entire Network,FluSurv-NET,2009-10,2010,15,18-49 yr,23.4
Entire Network,FluSurv-NET,2009-10,2010,16,18-49 yr,23.4
Entire Network,FluSurv-NET,2009-10,2010,17,18-49 yr,23.4
Entire Network,FluSurv-NET,2010-11,2010,40,18-49 yr,0
Entire Network,FluSurv-NET,2010-11,2010,41,18-49 yr,0
Entire Network,FluSurv-NET,2010-11,2010,42,18-49 yr,0
Entire Network,FluSurv-NET,2010-11,2010,43,18-49 yr,0.1
Entire Network,FluSurv-NET,2010-11,2010,44,18-49 yr,0.1
Entire Network,FluSurv-NET,2010-11,2010,45,18-49 yr,0.2
Entire Network,FluSurv-NET,2010-11,2010,46,18-49 yr,0.3
Entire Network,FluSurv-NET,2010-11,2010,47,18-49 yr,0.3
Entire Network,FluSurv-NET,2010-11,2010,48,18-49 yr,0.4
Entire Network,FluSurv-NET,2010-11,2010,49,18-49 yr,0.6
Entire Network,FluSurv-NET,2010-11,2010,50,18-49 yr,0.8
Entire Network,FluSurv-NET,2010-11,2010,51,18-49 yr,1.3
Entire Network,FluSurv-NET,2010-11,2010,52,18-49 yr,1.7
Entire Network,FluSurv-NET,2010-11,2011,1,18-49 yr,2.2
Entire Network,FluSurv-NET,2010-11,2011,2,18-49 yr,2.8
Entire Network,FluSurv-NET,2010-11,2011,3,18-49 yr,3.6
Entire Network,FluSurv-NET,2010-11,2011,4,18-49 yr,4.4
Entire Network,FluSurv-NET,2010-11,2011,5,18-49 yr,5.4
Entire Network,FluSurv-NET,2010-11,2011,6,18-49 yr,6.4
Entire Network,FluSurv-NET,2010-11,2011,7,18-49 yr,7.5
Entire Network,FluSurv-NET,2010-11,2011,8,18-49 yr,8.7
Entire Network,FluSurv-NET,2010-11,2011,9,18-49 yr,9.5
Entire Network,FluSurv-NET,2010-11,2011,10,18-49 yr,10.2
Entire Network,FluSurv-NET,2010-11,2011,11,18-49 yr,10.6
Entire Network,FluSurv-NET,2010-11,2011,12,18-49 yr,10.9
Entire Network,FluSurv-NET,2010-11,2011,13,18-49 yr,11.1
Entire Network,FluSurv-NET,2010-11,2011,14,18-49 yr,11.3
Entire Network,FluSurv-NET,2010-11,2011,15,18-49 yr,11.3
Entire Network,FluSurv-NET,2010-11,2011,16,18-49 yr,11.4
Entire Network,FluSurv-NET,2010-11,2011,17,18-49 yr,11.5
Entire Network,FluSurv-NET,2011-12,2011,40,18-49 yr,0
Entire Network,FluSurv-NET,2011-12,2011,41,18-49 yr,0
Entire Network,FluSurv-NET,2011-12,2011,42,18-49 yr,0
Entire Network,FluSurv-NET,2011-12,2011,43,18-49 yr,0
Entire Network,FluSurv-NET,2011-12,2011,44,18-49 yr,0.1
Entire Network,FluSurv-NET,2011-12,2011,45,18-49 yr,0.1
Entire Network,FluSurv-NET,2011-12,2011,46,18-49 yr,0.1
Entire Network,FluSurv-NET,2011-12,2011,47,18-49 yr,0.1
Entire Network,FluSurv-NET,2011-12,2011,48,18-49 yr,0.1
Entire Network,FluSurv-NET,2011-12,2011,49,18-49 yr,0.1
Entire Network,FluSurv-NET,2011-12,2011,50,18-49 yr,0.2
Entire Network,FluSurv-NET,2011-12,2011,51,18-49 yr,0.2
Entire Network,FluSurv-NET,2011-12,2011,52,18-49 yr,0.3
Entire Network,FluSurv-NET,2011-12,2012,1,18-49 yr,0.3
Entire Network,FluSurv-NET,2011-12,2012,2,18-49 yr,0.3
Entire Network,FluSurv-NET,2011-12,2012,3,18-49 yr,0.4
Entire Network,FluSurv-NET,2011-12,2012,4,18-49 yr,0.4
Entire Network,FluSurv-NET,2011-12,2012,5,18-49 yr,0.5
Entire Network,FluSurv-NET,2011-12,2012,6,18-49 yr,0.5
Entire Network,FluSurv-NET,2011-12,2012,7,18-49 yr,0.7
Entire Network,FluSurv-NET,2011-12,2012,8,18-49 yr,0.9
Entire Network,FluSurv-NET,2011-12,2012,9,18-49 yr,1.1
Entire Network,FluSurv-NET,2011-12,2012,10,18-49 yr,1.5
Entire Network,FluSurv-NET,2011-12,2012,11,18-49 yr,2.1
Entire Network,FluSurv-NET,2011-12,2012,12,18-49 yr,2.6
Entire Network,FluSurv-NET,2011-12,2012,13,18-49 yr,3
Entire Network,FluSurv-NET,2011-12,2012,14,18-49 yr,3.4
Entire Network,FluSurv-NET,2011-12,2012,15,18-49 yr,3.7
Entire Network,FluSurv-NET,2011-12,2012,16,18-49 yr,3.9
Entire Network,FluSurv-NET,2011-12,2012,17,18-49 yr,4.2
Entire Network,FluSurv-NET,2012-13,2012,40,18-49 yr,0
Entire Network,FluSurv-NET,2012-13,2012,41,18-49 yr,0
Entire Network,FluSurv-NET,2012-13,2012,42,18-49 yr,0
Entire Network,FluSurv-NET,2012-13,2012,43,18-49 yr,0
Entire Network,FluSurv-NET,2012-13,2012,44,18-49 yr,0.1
Entire Network,FluSurv-NET,2012-13,2012,45,18-49 yr,0.2
Entire Network,FluSurv-NET,2012-13,2012,46,18-49 yr,0.3
Entire Network,FluSurv-NET,2012-13,2012,47,18-49 yr,0.6
Entire Network,FluSurv-NET,2012-13,2012,48,18-49 yr,1
Entire Network,FluSurv-NET,2012-13,2012,49,18-49 yr,1.8
Entire Network,FluSurv-NET,2012-13,2012,50,18-49 yr,2.5
Entire Network,FluSurv-NET,2012-13,2012,51,18-49 yr,3.8
Entire Network,FluSurv-NET,2012-13,2012,52,18-49 yr,5.6
Entire Network,FluSurv-NET,2012-13,2013,1,18-49 yr,7.2
Entire Network,FluSurv-NET,2012-13,2013,2,18-49 yr,8.6
Entire Network,FluSurv-NET,2012-13,2013,3,18-49 yr,9.9
Entire Network,FluSurv-NET,2012-13,2013,4,18-49 yr,10.9
Entire Network,FluSurv-NET,2012-13,2013,5,18-49 yr,11.7
Entire Network,FluSurv-NET,2012-13,2013,6,18-49 yr,12.3
Entire Network,FluSurv-NET,2012-13,2013,7,18-49 yr,13
Entire Network,FluSurv-NET,2012-13,2013,8,18-49 yr,13.6
Entire Network,FluSurv-NET,2012-13,2013,9,18-49 yr,14
Entire Network,FluSurv-NET,2012-13,2013,10,18-49 yr,14.5
Entire Network,FluSurv-NET,2012-13,2013,11,18-49 yr,14.9
Entire Network,FluSurv-NET,2012-13,2013,12,18-49 yr,15.2
Entire Network,FluSurv-NET,2012-13,2013,13,18-49 yr,15.5
Entire Network,FluSurv-NET,2012-13,2013,14,18-49 yr,15.7
Entire Network,FluSurv-NET,2012-13,2013,15,18-49 yr,15.9
Entire Network,FluSurv-NET,2012-13,2013,16,18-49 yr,16
Entire Network,FluSurv-NET,2012-13,2013,17,18-49 yr,16.1
Entire Network,FluSurv-NET,2013-14,2013,40,18-49 yr,0
Entire Network,FluSurv-NET,2013-14,2013,41,18-49 yr,0
Entire Network,FluSurv-NET,2013-14,2013,42,18-49 yr,0
Entire Network,FluSurv-NET,2013-14,2013,43,18-49 yr,0.1
Entire Network,FluSurv-NET,2013-14,2013,44,18-49 yr,0.1
Entire Network,FluSurv-NET,2013-14,2013,45,18-49 yr,0.3
Entire Network,FluSurv-NET,2013-14,2013,46,18-49 yr,0.5
Entire Network,FluSurv-NET,2013-14,2013,47,18-49 yr,0.8
Entire Network,FluSurv-NET,2013-14,2013,48,18-49 yr,1.3
Entire Network,FluSurv-NET,2013-14,2013,49,18-49 yr,2.1
Entire Network,FluSurv-NET,2013-14,2013,50,18-49 yr,2.9
Entire Network,FluSurv-NET,2013-14,2013,51,18-49 yr,4.5
Entire Network,FluSurv-NET,2013-14,2013,52,18-49 yr,6.6
Entire Network,FluSurv-NET,2013-14,2014,1,18-49 yr,9.1
Entire Network,FluSurv-NET,2013-14,2014,2,18-49 yr,11.5
Entire Network,FluSurv-NET,2013-14,2014,3,18-49 yr,13.5
Entire Network,FluSurv-NET,2013-14,2014,4,18-49 yr,15.1
Entire Network,FluSurv-NET,2013-14,2014,5,18-49 yr,16.3
Entire Network,FluSurv-NET,2013-14,2014,6,18-49 yr,17.5
Entire Network,FluSurv-NET,2013-14,2014,7,18-49 yr,18.2
Entire Network,FluSurv-NET,2013-14,2014,8,18-49 yr,18.8
Entire Network,FluSurv-NET,2013-14,2014,9,18-49 yr,19.3
Entire Network,FluSurv-NET,2013-14,2014,10,18-49 yr,19.6
Entire Network,FluSurv-NET,2013-14,2014,11,18-49 yr,19.8
Entire Network,FluSurv-NET,2013-14,2014,12,18-49 yr,20.1
Entire Network,FluSurv-NET,2013-14,2014,13,18-49 yr,20.4
Entire Network,FluSurv-NET,2013-14,2014,14,18-49 yr,20.8
Entire Network,FluSurv-NET,2013-14,2014,15,18-49 yr,21.2
Entire Network,FluSurv-NET,2013-14,2014,16,18-49 yr,21.5
Entire Network,FluSurv-NET,2013-14,2014,17,18-49 yr,21.8
Entire Network,FluSurv-NET,2009-10,2009,35,50-64 yr,0.3
Entire Network,FluSurv-NET,2009-10,2009,36,50-64 yr,0.9
Entire Network,FluSurv-NET,2009-10,2009,37,50-64 yr,1.6
Entire Network,FluSurv-NET,2009-10,2009,38,50-64 yr,2.6
Entire Network,FluSurv-NET,2009-10,2009,39,50-64 yr,3.9
Entire Network,FluSurv-NET,2009-10,2009,40,50-64 yr,6.3
Entire Network,FluSurv-NET,2009-10,2009,41,50-64 yr,10
Entire Network,FluSurv-NET,2009-10,2009,42,50-64 yr,14.3
Entire Network,FluSurv-NET,2009-10,2009,43,50-64 yr,17.8
Entire Network,FluSurv-NET,2009-10,2009,44,50-64 yr,21
Entire Network,FluSurv-NET,2009-10,2009,45,50-64 yr,23.7
Entire Network,FluSurv-NET,2009-10,2009,46,50-64 yr,25.3
Entire Network,FluSurv-NET,2009-10,2009,47,50-64 yr,26.3
Entire Network,FluSurv-NET,2009-10,2009,48,50-64 yr,26.8
Entire Network,FluSurv-NET,2009-10,2009,49,50-64 yr,27.2
Entire Network,FluSurv-NET,2009-10,2009,50,50-64 yr,27.5
Entire Network,FluSurv-NET,2009-10,2009,51,50-64 yr,27.8
Entire Network,FluSurv-NET,2009-10,2009,52,50-64 yr,28.2
Entire Network,FluSurv-NET,2009-10,2010,1,50-64 yr,28.5
Entire Network,FluSurv-NET,2009-10,2010,2,50-64 yr,28.7
Entire Network,FluSurv-NET,2009-10,2010,3,50-64 yr,28.8
Entire Network,FluSurv-NET,2009-10,2010,4,50-64 yr,29
Entire Network,FluSurv-NET,2009-10,2010,5,50-64 yr,29.2
Entire Network,FluSurv-NET,2009-10,2010,6,50-64 yr,29.3
Entire Network,FluSurv-NET,2009-10,2010,7,50-64 yr,29.7
Entire Network,FluSurv-NET,2009-10,2010,8,50-64 yr,29.8
Entire Network,FluSurv-NET,2009-10,2010,9,50-64 yr,29.9
Entire Network,FluSurv-NET,2009-10,2010,10,50-64 yr,30.1
Entire Network,FluSurv-NET,2009-10,2010,11,50-64 yr,30.3
Entire Network,FluSurv-NET,2009-10,2010,12,50-64 yr,30.4
Entire Network,FluSurv-NET,2009-10,2010,13,50-64 yr,30.5
Entire Network,FluSurv-NET,2009-10,2010,14,50-64 yr,30.5
Entire Network,FluSurv-NET,2009-10,2010,15,50-64 yr,30.6
Entire Network,FluSurv-NET,2009-10,2010,16,50-64 yr,30.6
Entire Network,FluSurv-NET,2009-10,2010,17,50-64 yr,30.6
Entire Network,FluSurv-NET,2010-11,2010,40,50-64 yr,0.1
Entire Network,FluSurv-NET,2010-11,2010,41,50-64 yr,0.1
Entire Network,FluSurv-NET,2010-11,2010,42,50-64 yr,0.2
Entire Network,FluSurv-NET,2010-11,2010,43,50-64 yr,0.2
Entire Network,FluSurv-NET,2010-11,2010,44,50-64 yr,0.3
Entire Network,FluSurv-NET,2010-11,2010,45,50-64 yr,0.3
Entire Network,FluSurv-NET,2010-11,2010,46,50-64 yr,0.6
Entire Network,FluSurv-NET,2010-11,2010,47,50-64 yr,0.7
Entire Network,FluSurv-NET,2010-11,2010,48,50-64 yr,0.9
Entire Network,FluSurv-NET,2010-11,2010,49,50-64 yr,1.2
Entire Network,FluSurv-NET,2010-11,2010,50,50-64 yr,1.5
Entire Network,FluSurv-NET,2010-11,2010,51,50-64 yr,2
Entire Network,FluSurv-NET,2010-11,2010,52,50-64 yr,2.7
Entire Network,FluSurv-NET,2010-11,2011,1,50-64 yr,3.6
Entire Network,FluSurv-NET,2010-11,2011,2,50-64 yr,4.6
Entire Network,FluSurv-NET,2010-11,2011,3,50-64 yr,5.9
Entire Network,FluSurv-NET,2010-11,2011,4,50-64 yr,7.3
Entire Network,FluSurv-NET,2010-11,2011,5,50-64 yr,8.9
Entire Network,FluSurv-NET,2010-11,2011,6,50-64 yr,10.6
Entire Network,FluSurv-NET,2010-11,2011,7,50-64 yr,12.7
Entire Network,FluSurv-NET,2010-11,2011,8,50-64 yr,15.2
Entire Network,FluSurv-NET,2010-11,2011,9,50-64 yr,17.2
Entire Network,FluSurv-NET,2010-11,2011,10,50-64 yr,18.7
Entire Network,FluSurv-NET,2010-11,2011,11,50-64 yr,20
Entire Network,FluSurv-NET,2010-11,2011,12,50-64 yr,20.8
Entire Network,FluSurv-NET,2010-11,2011,13,50-64 yr,21.2
Entire Network,FluSurv-NET,2010-11,2011,14,50-64 yr,21.6
Entire Network,FluSurv-NET,2010-11,2011,15,50-64 yr,21.8
Entire Network,FluSurv-NET,2010-11,2011,16,50-64 yr,21.9
Entire Network,FluSurv-NET,2010-11,2011,17,50-64 yr,22
Entire Network,FluSurv-NET,2011-12,2011,40,50-64 yr,0.1
Entire Network,FluSurv-NET,2011-12,2011,41,50-64 yr,0.1
Entire Network,FluSurv-NET,2011-12,2011,42,50-64 yr,0.1
Entire Network,FluSurv-NET,2011-12,2011,43,50-64 yr,0.1
Entire Network,FluSurv-NET,2011-12,2011,44,50-64 yr,0.1
Entire Network,FluSurv-NET,2011-12,2011,45,50-64 yr,0.1
Entire Network,FluSurv-NET,2011-12,2011,46,50-64 yr,0.1
Entire Network,FluSurv-NET,2011-12,2011,47,50-64 yr,0.1
Entire Network,FluSurv-NET,2011-12,2011,48,50-64 yr,0.1
Entire Network,FluSurv-NET,2011-12,2011,49,50-64 yr,0.2
Entire Network,FluSurv-NET,2011-12,2011,50,50-64 yr,0.2
Entire Network,FluSurv-NET,2011-12,2011,51,50-64 yr,0.3
Entire Network,FluSurv-NET,2011-12,2011,52,50-64 yr,0.4
Entire Network,FluSurv-NET,2011-12,2012,1,50-64 yr,0.5
Entire Network,FluSurv-NET,2011-12,2012,2,50-64 yr,0.6
Entire Network,FluSurv-NET,2011-12,2012,3,50-64 yr,0.6
Entire Network,FluSurv-NET,2011-12,2012,4,50-64 yr,0.8
Entire Network,FluSurv-NET,2011-12,2012,5,50-64 yr,1
Entire Network,FluSurv-NET,2011-12,2012,6,50-64 yr,1.1
Entire Network,FluSurv-NET,2011-12,2012,7,50-64 yr,1.5
Entire Network,FluSurv-NET,2011-12,2012,8,50-64 yr,1.8
Entire Network,FluSurv-NET,2011-12,2012,9,50-64 yr,2.5
Entire Network,FluSurv-NET,2011-12,2012,10,50-64 yr,3.2
Entire Network,FluSurv-NET,2011-12,2012,11,50-64 yr,3.9
Entire Network,FluSurv-NET,2011-12,2012,12,50-64 yr,4.8
Entire Network,FluSurv-NET,2011-12,2012,13,50-64 yr,5.7
Entire Network,FluSurv-NET,2011-12,2012,14,50-64 yr,6.4
Entire Network,FluSurv-NET,2011-12,2012,15,50-64 yr,7.2
Entire Network,FluSurv-NET,2011-12,2012,16,50-64 yr,7.7
Entire Network,FluSurv-NET,2011-12,2012,17,50-64 yr,8.1
Entire Network,FluSurv-NET,2012-13,2012,40,50-64 yr,0
Entire Network,FluSurv-NET,2012-13,2012,41,50-64 yr,0
Entire Network,FluSurv-NET,2012-13,2012,42,50-64 yr,0.1
Entire Network,FluSurv-NET,2012-13,2012,43,50-64 yr,0.1
Entire Network,FluSurv-NET,2012-13,2012,44,50-64 yr,0.3
Entire Network,FluSurv-NET,2012-13,2012,45,50-64 yr,0.4
Entire Network,FluSurv-NET,2012-13,2012,46,50-64 yr,0.6
Entire Network,FluSurv-NET,2012-13,2012,47,50-64 yr,1.1
Entire Network,FluSurv-NET,2012-13,2012,48,50-64 yr,1.9
Entire Network,FluSurv-NET,2012-13,2012,49,50-64 yr,3.6
Entire Network,FluSurv-NET,2012-13,2012,50,50-64 yr,5.4
Entire Network,FluSurv-NET,2012-13,2012,51,50-64 yr,8.2
Entire Network,FluSurv-NET,2012-13,2012,52,50-64 yr,12.5
Entire Network,FluSurv-NET,2012-13,2013,1,50-64 yr,17.4
Entire Network,FluSurv-NET,2012-13,2013,2,50-64 yr,21.9
Entire Network,FluSurv-NET,2012-13,2013,3,50-64 yr,25.2
Entire Network,FluSurv-NET,2012-13,2013,4,50-64 yr,27.9
Entire Network,FluSurv-NET,2012-13,2013,5,50-64 yr,30.2
Entire Network,FluSurv-NET,2012-13,2013,6,50-64 yr,31.8
Entire Network,FluSurv-NET,2012-13,2013,7,50-64 yr,33.5
Entire Network,FluSurv-NET,2012-13,2013,8,50-64 yr,35
Entire Network,FluSurv-NET,2012-13,2013,9,50-64 yr,36.1
Entire Network,FluSurv-NET,2012-13,2013,10,50-64 yr,37.1
Entire Network,FluSurv-NET,2012-13,2013,11,50-64 yr,38
Entire Network,FluSurv-NET,2012-13,2013,12,50-64 yr,38.7
Entire Network,FluSurv-NET,2012-13,2013,13,50-64 yr,39.2
Entire Network,FluSurv-NET,2012-13,2013,14,50-64 yr,39.9
Entire Network,FluSurv-NET,2012-13,2013,15,50-64 yr,40.3
Entire Network,FluSurv-NET,2012-13,2013,16,50-64 yr,40.6
Entire Network,FluSurv-NET,2012-13,2013,17,50-64 yr,40.7
Entire Network,FluSurv-NET,2013-14,2013,40,50-64 yr,0
Entire Network,FluSurv-NET,2013-14,2013,41,50-64 yr,0.2
Entire Network,FluSurv-NET,2013-14,2013,42,50-64 yr,0.3
Entire Network,FluSurv-NET,2013-14,2013,43,50-64 yr,0.3
Entire Network,FluSurv-NET,2013-14,2013,44,50-64 yr,0.5
Entire Network,FluSurv-NET,2013-14,2013,45,50-64 yr,0.6
Entire Network,FluSurv-NET,2013-14,2013,46,50-64 yr,1
Entire Network,FluSurv-NET,2013-14,2013,47,50-64 yr,1.5
Entire Network,FluSurv-NET,2013-14,2013,48,50-64 yr,2.3
Entire Network,FluSurv-NET,2013-14,2013,49,50-64 yr,3.7
Entire Network,FluSurv-NET,2013-14,2013,50,50-64 yr,5.2
Entire Network,FluSurv-NET,2013-14,2013,51,50-64 yr,8
Entire Network,FluSurv-NET,2013-14,2013,52,50-64 yr,13.2
Entire Network,FluSurv-NET,2013-14,2014,1,50-64 yr,19.3
Entire Network,FluSurv-NET,2013-14,2014,2,50-64 yr,25.8
Entire Network,FluSurv-NET,2013-14,2014,3,50-64 yr,31.2
Entire Network,FluSurv-NET,2013-14,2014,4,50-64 yr,35
Entire Network,FluSurv-NET,2013-14,2014,5,50-64 yr,38.5
Entire Network,FluSurv-NET,2013-14,2014,6,50-64 yr,41.5
Entire Network,FluSurv-NET,2013-14,2014,7,50-64 yr,44
Entire Network,FluSurv-NET,2013-14,2014,8,50-64 yr,45.3
Entire Network,FluSurv-NET,2013-14,2014,9,50-64 yr,46.7
Entire Network,FluSurv-NET,2013-14,2014,10,50-64 yr,47.9
Entire Network,FluSurv-NET,2013-14,2014,11,50-64 yr,48.8
Entire Network,FluSurv-NET,2013-14,2014,12,50-64 yr,49.3
Entire Network,FluSurv-NET,2013-14,2014,13,50-64 yr,50.3
Entire Network,FluSurv-NET,2013-14,2014,14,50-64 yr,51.3
Entire Network,FluSurv-NET,2013-14,2014,15,50-64 yr,52.3
Entire Network,FluSurv-NET,2013-14,2014,16,50-64 yr,53.1
Entire Network,FluSurv-NET,2013-14,2014,17,50-64 yr,54.2
Entire Network,FluSurv-NET,2009-10,2009,35,65+ yr,0.4
Entire Network,FluSurv-NET,2009-10,2009,36,65+ yr,1
Entire Network,FluSurv-NET,2009-10,2009,37,65+ yr,1.5
Entire Network,FluSurv-NET,2009-10,2009,38,65+ yr,2.2
Entire Network,FluSurv-NET,2009-10,2009,39,65+ yr,3.1
Entire Network,FluSurv-NET,2009-10,2009,40,65+ yr,5.4
Entire Network,FluSurv-NET,2009-10,2009,41,65+ yr,7.7
Entire Network,FluSurv-NET,2009-10,2009,42,65+ yr,11
Entire Network,FluSurv-NET,2009-10,2009,43,65+ yr,13.9
Entire Network,FluSurv-NET,2009-10,2009,44,65+ yr,16.1
Entire Network,FluSurv-NET,2009-10,2009,45,65+ yr,17.8
Entire Network,FluSurv-NET,2009-10,2009,46,65+ yr,19.4
Entire Network,FluSurv-NET,2009-10,2009,47,65+ yr,20.5
Entire Network,FluSurv-NET,2009-10,2009,48,65+ yr,21.3
Entire Network,FluSurv-NET,2009-10,2009,49,65+ yr,21.6
Entire Network,FluSurv-NET,2009-10,2009,50,65+ yr,21.9
Entire Network,FluSurv-NET,2009-10,2009,51,65+ yr,22.5
Entire Network,FluSurv-NET,2009-10,2009,52,65+ yr,23
Entire Network,FluSurv-NET,2009-10,2010,1,65+ yr,23.3
Entire Network,FluSurv-NET,2009-10,2010,2,65+ yr,23.7
Entire Network,FluSurv-NET,2009-10,2010,3,65+ yr,24
Entire Network,FluSurv-NET,2009-10,2010,4,65+ yr,24.1
Entire Network,FluSurv-NET,2009-10,2010,5,65+ yr,24.4
Entire Network,FluSurv-NET,2009-10,2010,6,65+ yr,24.6
Entire Network,FluSurv-NET,2009-10,2010,7,65+ yr,24.7
Entire Network,FluSurv-NET,2009-10,2010,8,65+ yr,24.9
Entire Network,FluSurv-NET,2009-10,2010,9,65+ yr,25.1
Entire Network,FluSurv-NET,2009-10,2010,10,65+ yr,25.1
Entire Network,FluSurv-NET,2009-10,2010,11,65+ yr,25.2
Entire Network,FluSurv-NET,2009-10,2010,12,65+ yr,25.4
Entire Network,FluSurv-NET,2009-10,2010,13,65+ yr,25.5
Entire Network,FluSurv-NET,2009-10,2010,14,65+ yr,25.6
Entire Network,FluSurv-NET,2009-10,2010,15,65+ yr,25.7
Entire Network,FluSurv-NET,2009-10,2010,16,65+ yr,25.7
Entire Network,FluSurv-NET,2009-10,2010,17,65+ yr,25.7
Entire Network,FluSurv-NET,2010-11,2010,40,65+ yr,0.1
Entire Network,FluSurv-NET,2010-11,2010,41,65+ yr,0.3
Entire Network,FluSurv-NET,2010-11,2010,42,65+ yr,0.5
Entire Network,FluSurv-NET,2010-11,2010,43,65+ yr,0.6
Entire Network,FluSurv-NET,2010-11,2010,44,65+ yr,0.7
Entire Network,FluSurv-NET,2010-11,2010,45,65+ yr,0.8
Entire Network,FluSurv-NET,2010-11,2010,46,65+ yr,0.9
Entire Network,FluSurv-NET,2010-11,2010,47,65+ yr,1.1
Entire Network,FluSurv-NET,2010-11,2010,48,65+ yr,1.7
Entire Network,FluSurv-NET,2010-11,2010,49,65+ yr,2.3
Entire Network,FluSurv-NET,2010-11,2010,50,65+ yr,3.2
Entire Network,FluSurv-NET,2010-11,2010,51,65+ yr,4.7
Entire Network,FluSurv-NET,2010-11,2010,52,65+ yr,7.7
Entire Network,FluSurv-NET,2010-11,2011,1,65+ yr,10.2
Entire Network,FluSurv-NET,2010-11,2011,2,65+ yr,12.9
Entire Network,FluSurv-NET,2010-11,2011,3,65+ yr,15.9
Entire Network,FluSurv-NET,2010-11,2011,4,65+ yr,20.3
Entire Network,FluSurv-NET,2010-11,2011,5,65+ yr,25.5
Entire Network,FluSurv-NET,2010-11,2011,6,65+ yr,29.4
Entire Network,FluSurv-NET,2010-11,2011,7,65+ yr,35.9
Entire Network,FluSurv-NET,2010-11,2011,8,65+ yr,41.8
Entire Network,FluSurv-NET,2010-11,2011,9,65+ yr,47.8
Entire Network,FluSurv-NET,2010-11,2011,10,65+ yr,52.5
Entire Network,FluSurv-NET,2010-11,2011,11,65+ yr,56.6
Entire Network,FluSurv-NET,2010-11,2011,12,65+ yr,59
Entire Network,FluSurv-NET,2010-11,2011,13,65+ yr,61
Entire Network,FluSurv-NET,2010-11,2011,14,65+ yr,62.5
Entire Network,FluSurv-NET,2010-11,2011,15,65+ yr,63.7
Entire Network,FluSurv-NET,2010-11,2011,16,65+ yr,64.4
Entire Network,FluSurv-NET,2010-11,2011,17,65+ yr,64.8
Entire Network,FluSurv-NET,2011-12,2011,40,65+ yr,0.1
Entire Network,FluSurv-NET,2011-12,2011,41,65+ yr,0.1
Entire Network,FluSurv-NET,2011-12,2011,42,65+ yr,0.2
Entire Network,FluSurv-NET,2011-12,2011,43,65+ yr,0.2
Entire Network,FluSurv-NET,2011-12,2011,44,65+ yr,0.3
Entire Network,FluSurv-NET,2011-12,2011,45,65+ yr,0.3
Entire Network,FluSurv-NET,2011-12,2011,46,65+ yr,0.3
Entire Network,FluSurv-NET,2011-12,2011,47,65+ yr,0.5
Entire Network,FluSurv-NET,2011-12,2011,48,65+ yr,0.5
Entire Network,FluSurv-NET,2011-12,2011,49,65+ yr,0.6
Entire Network,FluSurv-NET,2011-12,2011,50,65+ yr,0.7
Entire Network,FluSurv-NET,2011-12,2011,51,65+ yr,0.8
Entire Network,FluSurv-NET,2011-12,2011,52,65+ yr,1.2
Entire Network,FluSurv-NET,2011-12,2012,1,65+ yr,1.5
Entire Network,FluSurv-NET,2011-12,2012,2,65+ yr,1.8
Entire Network,FluSurv-NET,2011-12,2012,3,65+ yr,2.1
Entire Network,FluSurv-NET,2011-12,2012,4,65+ yr,2.6
Entire Network,FluSurv-NET,2011-12,2012,5,65+ yr,3.4
Entire Network,FluSurv-NET,2011-12,2012,6,65+ yr,4
Entire Network,FluSurv-NET,2011-12,2012,7,65+ yr,5
Entire Network,FluSurv-NET,2011-12,2012,8,65+ yr,6.2
Entire Network,FluSurv-NET,2011-12,2012,9,65+ yr,8.3
Entire Network,FluSurv-NET,2011-12,2012,10,65+ yr,11
Entire Network,FluSurv-NET,2011-12,2012,11,65+ yr,15
Entire Network,FluSurv-NET,2011-12,2012,12,65+ yr,18.3
Entire Network,FluSurv-NET,2011-12,2012,13,65+ yr,20.9
Entire Network,FluSurv-NET,2011-12,2012,14,65+ yr,23.3
Entire Network,FluSurv-NET,2011-12,2012,15,65+ yr,26.1
Entire Network,FluSurv-NET,2011-12,2012,16,65+ yr,28.8
Entire Network,FluSurv-NET,2011-12,2012,17,65+ yr,30.2
Entire Network,FluSurv-NET,2012-13,2012,40,65+ yr,0.1
Entire Network,FluSurv-NET,2012-13,2012,41,65+ yr,0.2
Entire Network,FluSurv-NET,2012-13,2012,42,65+ yr,0.4
Entire Network,FluSurv-NET,2012-13,2012,43,65+ yr,0.5
Entire Network,FluSurv-NET,2012-13,2012,44,65+ yr,0.6
Entire Network,FluSurv-NET,2012-13,2012,45,65+ yr,1.2
Entire Network,FluSurv-NET,2012-13,2012,46,65+ yr,1.7
Entire Network,FluSurv-NET,2012-13,2012,47,65+ yr,2.9
Entire Network,FluSurv-NET,2012-13,2012,48,65+ yr,5.5
Entire Network,FluSurv-NET,2012-13,2012,49,65+ yr,8.9
Entire Network,FluSurv-NET,2012-13,2012,50,65+ yr,16.3
Entire Network,FluSurv-NET,2012-13,2012,51,65+ yr,28.4
Entire Network,FluSurv-NET,2012-13,2012,52,65+ yr,52.8
Entire Network,FluSurv-NET,2012-13,2013,1,65+ yr,79.1
Entire Network,FluSurv-NET,2012-13,2013,2,65+ yr,103.4
Entire Network,FluSurv-NET,2012-13,2013,3,65+ yr,120
Entire Network,FluSurv-NET,2012-13,2013,4,65+ yr,134.1
Entire Network,FluSurv-NET,2012-13,2013,5,65+ yr,145.5
Entire Network,FluSurv-NET,2012-13,2013,6,65+ yr,154.1
Entire Network,FluSurv-NET,2012-13,2013,7,65+ yr,161
Entire Network,FluSurv-NET,2012-13,2013,8,65+ yr,164.8
Entire Network,FluSurv-NET,2012-13,2013,9,65+ yr,169.4
Entire Network,FluSurv-NET,2012-13,2013,10,65+ yr,172.8
Entire Network,FluSurv-NET,2012-13,2013,11,65+ yr,175.4
Entire Network,FluSurv-NET,2012-13,2013,12,65+ yr,177.6
Entire Network,FluSurv-NET,2012-13,2013,13,65+ yr,179.3
Entire Network,FluSurv-NET,2012-13,2013,14,65+ yr,180.9
Entire Network,FluSurv-NET,2012-13,2013,15,65+ yr,182.2
Entire Network,FluSurv-NET,2012-13,2013,16,65+ yr,182.6
Entire Network,FluSurv-NET,2012-13,2013,17,65+ yr,183.1
Entire Network,FluSurv-NET,2013-14,2013,40,65+ yr,0.1
Entire Network,FluSurv-NET,2013-14,2013,41,65+ yr,0.4
Entire Network,FluSurv-NET,2013-14,2013,42,65+ yr,0.8
Entire Network,FluSurv-NET,2013-14,2013,43,65+ yr,1.1
Entire Network,FluSurv-NET,2013-14,2013,44,65+ yr,1.4
Entire Network,FluSurv-NET,2013-14,2013,45,65+ yr,1.7
Entire Network,FluSurv-NET,2013-14,2013,46,65+ yr,2
Entire Network,FluSurv-NET,2013-14,2013,47,65+ yr,2.6
Entire Network,FluSurv-NET,2013-14,2013,48,65+ yr,3.4
Entire Network,FluSurv-NET,2013-14,2013,49,65+ yr,5
Entire Network,FluSurv-NET,2013-14,2013,50,65+ yr,6.9
Entire Network,FluSurv-NET,2013-14,2013,51,65+ yr,10.3
Entire Network,FluSurv-NET,2013-14,2013,52,65+ yr,17
Entire Network,FluSurv-NET,2013-14,2014,1,65+ yr,26.4
Entire Network,FluSurv-NET,2013-14,2014,2,65+ yr,34.4
Entire Network,FluSurv-NET,2013-14,2014,3,65+ yr,41.1
Entire Network,FluSurv-NET,2013-14,2014,4,65+ yr,46.8
Entire Network,FluSurv-NET,2013-14,2014,5,65+ yr,52
Entire Network,FluSurv-NET,2013-14,2014,6,65+ yr,56.4
Entire Network,FluSurv-NET,2013-14,2014,7,65+ yr,59.4
Entire Network,FluSurv-NET,2013-14,2014,8,65+ yr,62.5
Entire Network,FluSurv-NET,2013-14,2014,9,65+ yr,65.3
Entire Network,FluSurv-NET,2013-14,2014,10,65+ yr,67.6
Entire Network,FluSurv-NET,2013-14,2014,11,65+ yr,70.3
Entire Network,FluSurv-NET,2013-14,2014,12,65+ yr,73.4
Entire Network,FluSurv-NET,2013-14,2014,13,65+ yr,75.9
Entire Network,FluSurv-NET,2013-14,2014,14,65+ yr,78.5
Entire Network,FluSurv-NET,2013-14,2014,15,65+ yr,81.9
Entire Network,FluSurv-NET,2013-14,2014,16,65+ yr,84.5
Entire Network,FluSurv-NET,2013-14,2014,17,65+ yr,88.1
Entire Network,FluSurv-NET,2009-10,2009,35,Overall,0.3
Entire Network,FluSurv-NET,2009-10,2009,36,Overall,1.2
Entire Network,FluSurv-NET,2009-10,2009,37,Overall,2
Entire Network,FluSurv-NET,2009-10,2009,38,Overall,3
Entire Network,FluSurv-NET,2009-10,2009,39,Overall,4.6
Entire Network,FluSurv-NET,2009-10,2009,40,Overall,7.4
Entire Network,FluSurv-NET,2009-10,2009,41,Overall,11.2
Entire Network,FluSurv-NET,2009-10,2009,42,Overall,15.2
Entire Network,FluSurv-NET,2009-10,2009,43,Overall,18.7
Entire Network,FluSurv-NET,2009-10,2009,44,Overall,21.3
Entire Network,FluSurv-NET,2009-10,2009,45,Overall,23.1
Entire Network,FluSurv-NET,2009-10,2009,46,Overall,24.4
Entire Network,FluSurv-NET,2009-10,2009,47,Overall,25.2
Entire Network,FluSurv-NET,2009-10,2009,48,Overall,25.7
Entire Network,FluSurv-NET,2009-10,2009,49,Overall,26
Entire Network,FluSurv-NET,2009-10,2009,50,Overall,26.3
Entire Network,FluSurv-NET,2009-10,2009,51,Overall,26.6
Entire Network,FluSurv-NET,2009-10,2009,52,Overall,26.9
Entire Network,FluSurv-NET,2009-10,2010,1,Overall,27.1
Entire Network,FluSurv-NET,2009-10,2010,2,Overall,27.3
Entire Network,FluSurv-NET,2009-10,2010,3,Overall,27.5
Entire Network,FluSurv-NET,2009-10,2010,4,Overall,27.7
Entire Network,FluSurv-NET,2009-10,2010,5,Overall,27.9
Entire Network,FluSurv-NET,2009-10,2010,6,Overall,28
Entire Network,FluSurv-NET,2009-10,2010,7,Overall,28.2
Entire Network,FluSurv-NET,2009-10,2010,8,Overall,28.4
Entire Network,FluSurv-NET,2009-10,2010,9,Overall,28.6
Entire Network,FluSurv-NET,2009-10,2010,10,Overall,28.7
Entire Network,FluSurv-NET,2009-10,2010,11,Overall,28.9
Entire Network,FluSurv-NET,2009-10,2010,12,Overall,29
Entire Network,FluSurv-NET,2009-10,2010,13,Overall,29.1
Entire Network,FluSurv-NET,2009-10,2010,14,Overall,29.1
Entire Network,FluSurv-NET,2009-10,2010,15,Overall,29.2
Entire Network,FluSurv-NET,2009-10,2010,16,Overall,29.2
Entire Network,FluSurv-NET,2009-10,2010,17,Overall,29.3
Entire Network,FluSurv-NET,2010-11,2010,40,Overall,0
Entire Network,FluSurv-NET,2010-11,2010,41,Overall,0.1
Entire Network,FluSurv-NET,2010-11,2010,42,Overall,0.2
Entire Network,FluSurv-NET,2010-11,2010,43,Overall,0.2
Entire Network,FluSurv-NET,2010-11,2010,44,Overall,0.3
Entire Network,FluSurv-NET,2010-11,2010,45,Overall,0.4
Entire Network,FluSurv-NET,2010-11,2010,46,Overall,0.5
Entire Network,FluSurv-NET,2010-11,2010,47,Overall,0.6
Entire Network,FluSurv-NET,2010-11,2010,48,Overall,0.9
Entire Network,FluSurv-NET,2010-11,2010,49,Overall,1.2
Entire Network,FluSurv-NET,2010-11,2010,50,Overall,1.5
Entire Network,FluSurv-NET,2010-11,2010,51,Overall,2.1
Entire Network,FluSurv-NET,2010-11,2010,52,Overall,3
Entire Network,FluSurv-NET,2010-11,2011,1,Overall,3.8
Entire Network,FluSurv-NET,2010-11,2011,2,Overall,4.8
Entire Network,FluSurv-NET,2010-11,2011,3,Overall,6
Entire Network,FluSurv-NET,2010-11,2011,4,Overall,7.5
Entire Network,FluSurv-NET,2010-11,2011,5,Overall,9.3
Entire Network,FluSurv-NET,2010-11,2011,6,Overall,10.9
Entire Network,FluSurv-NET,2010-11,2011,7,Overall,13
Entire Network,FluSurv-NET,2010-11,2011,8,Overall,15.1
Entire Network,FluSurv-NET,2010-11,2011,9,Overall,16.9
Entire Network,FluSurv-NET,2010-11,2011,10,Overall,18.3
Entire Network,FluSurv-NET,2010-11,2011,11,Overall,19.5
Entire Network,FluSurv-NET,2010-11,2011,12,Overall,20.2
Entire Network,FluSurv-NET,2010-11,2011,13,Overall,20.7
Entire Network,FluSurv-NET,2010-11,2011,14,Overall,21.1
Entire Network,FluSurv-NET,2010-11,2011,15,Overall,21.4
Entire Network,FluSurv-NET,2010-11,2011,16,Overall,21.5
Entire Network,FluSurv-NET,2010-11,2011,17,Overall,21.7
Entire Network,FluSurv-NET,2011-12,2011,40,Overall,0
Entire Network,FluSurv-NET,2011-12,2011,41,Overall,0
Entire Network,FluSurv-NET,2011-12,2011,42,Overall,0.1
Entire Network,FluSurv-NET,2011-12,2011,43,Overall,0.1
Entire Network,FluSurv-NET,2011-12,2011,44,Overall,0.1
Entire Network,FluSurv-NET,2011-12,2011,45,Overall,0.1
Entire Network,FluSurv-NET,2011-12,2011,46,Overall,0.1
Entire Network,FluSurv-NET,2011-12,2011,47,Overall,0.2
Entire Network,FluSurv-NET,2011-12,2011,48,Overall,0.2
Entire Network,FluSurv-NET,2011-12,2011,49,Overall,0.2
Entire Network,FluSurv-NET,2011-12,2011,50,Overall,0.3
Entire Network,FluSurv-NET,2011-12,2011,51,Overall,0.3
Entire Network,FluSurv-NET,2011-12,2011,52,Overall,0.4
Entire Network,FluSurv-NET,2011-12,2012,1,Overall,0.5
Entire Network,FluSurv-NET,2011-12,2012,2,Overall,0.6
Entire Network,FluSurv-NET,2011-12,2012,3,Overall,0.7
Entire Network,FluSurv-NET,2011-12,2012,4,Overall,0.8
Entire Network,FluSurv-NET,2011-12,2012,5,Overall,1
Entire Network,FluSurv-NET,2011-12,2012,6,Overall,1.2
Entire Network,FluSurv-NET,2011-12,2012,7,Overall,1.5
Entire Network,FluSurv-NET,2011-12,2012,8,Overall,1.9
Entire Network,FluSurv-NET,2011-12,2012,9,Overall,2.5
Entire Network,FluSurv-NET,2011-12,2012,10,Overall,3.3
Entire Network,FluSurv-NET,2011-12,2012,11,Overall,4.4
Entire Network,FluSurv-NET,2011-12,2012,12,Overall,5.4
Entire Network,FluSurv-NET,2011-12,2012,13,Overall,6.2
Entire Network,FluSurv-NET,2011-12,2012,14,Overall,6.9
Entire Network,FluSurv-NET,2011-12,2012,15,Overall,7.6
Entire Network,FluSurv-NET,2011-12,2012,16,Overall,8.2
Entire Network,FluSurv-NET,2011-12,2012,17,Overall,8.7
Entire Network,FluSurv-NET,2012-13,2012,40,Overall,0
Entire Network,FluSurv-NET,2012-13,2012,41,Overall,0.1
Entire Network,FluSurv-NET,2012-13,2012,42,Overall,0.1
Entire Network,FluSurv-NET,2012-13,2012,43,Overall,0.1
Entire Network,FluSurv-NET,2012-13,2012,44,Overall,0.2
Entire Network,FluSurv-NET,2012-13,2012,45,Overall,0.4
Entire Network,FluSurv-NET,2012-13,2012,46,Overall,0.7
Entire Network,FluSurv-NET,2012-13,2012,47,Overall,1.2
Entire Network,FluSurv-NET,2012-13,2012,48,Overall,1.9
Entire Network,FluSurv-NET,2012-13,2012,49,Overall,3.3
Entire Network,FluSurv-NET,2012-13,2012,50,Overall,5.3
Entire Network,FluSurv-NET,2012-13,2012,51,Overall,8.3
Entire Network,FluSurv-NET,2012-13,2012,52,Overall,13.3
Entire Network,FluSurv-NET,2012-13,2013,1,Overall,18.7
Entire Network,FluSurv-NET,2012-13,2013,2,Overall,23.6
Entire Network,FluSurv-NET,2012-13,2013,3,Overall,27.4
Entire Network,FluSurv-NET,2012-13,2013,4,Overall,30.5
Entire Network,FluSurv-NET,2012-13,2013,5,Overall,33
Entire Network,FluSurv-NET,2012-13,2013,6,Overall,35
Entire Network,FluSurv-NET,2012-13,2013,7,Overall,36.7
Entire Network,FluSurv-NET,2012-13,2013,8,Overall,38
Entire Network,FluSurv-NET,2012-13,2013,9,Overall,39.2
Entire Network,FluSurv-NET,2012-13,2013,10,Overall,40.2
Entire Network,FluSurv-NET,2012-13,2013,11,Overall,41.2
Entire Network,FluSurv-NET,2012-13,2013,12,Overall,41.9
Entire Network,FluSurv-NET,2012-13,2013,13,Overall,42.5
Entire Network,FluSurv-NET,2012-13,2013,14,Overall,43.1
Entire Network,FluSurv-NET,2012-13,2013,15,Overall,43.5
Entire Network,FluSurv-NET,2012-13,2013,16,Overall,43.6
Entire Network,FluSurv-NET,2012-13,2013,17,Overall,43.8
Entire Network,FluSurv-NET,2013-14,2013,40,Overall,0
Entire Network,FluSurv-NET,2013-14,2013,41,Overall,0.1
Entire Network,FluSurv-NET,2013-14,2013,42,Overall,0.2
Entire Network,FluSurv-NET,2013-14,2013,43,Overall,0.3
Entire Network,FluSurv-NET,2013-14,2013,44,Overall,0.4
Entire Network,FluSurv-NET,2013-14,2013,45,Overall,0.5
Entire Network,FluSurv-NET,2013-14,2013,46,Overall,0.8
Entire Network,FluSurv-NET,2013-14,2013,47,Overall,1.1
Entire Network,FluSurv-NET,2013-14,2013,48,Overall,1.7
Entire Network,FluSurv-NET,2013-14,2013,49,Overall,2.7
Entire Network,FluSurv-NET,2013-14,2013,50,Overall,3.8
Entire Network,FluSurv-NET,2013-14,2013,51,Overall,5.8
Entire Network,FluSurv-NET,2013-14,2013,52,Overall,9
Entire Network,FluSurv-NET,2013-14,2014,1,Overall,12.9
Entire Network,FluSurv-NET,2013-14,2014,2,Overall,16.7
Entire Network,FluSurv-NET,2013-14,2014,3,Overall,19.8
Entire Network,FluSurv-NET,2013-14,2014,4,Overall,22.2
Entire Network,FluSurv-NET,2013-14,2014,5,Overall,24.4
Entire Network,FluSurv-NET,2013-14,2014,6,Overall,26.2
Entire Network,FluSurv-NET,2013-14,2014,7,Overall,27.5
Entire Network,FluSurv-NET,2013-14,2014,8,Overall,28.5
Entire Network,FluSurv-NET,2013-14,2014,9,Overall,29.5
Entire Network,FluSurv-NET,2013-14,2014,10,Overall,30.2
Entire Network,FluSurv-NET,2013-14,2014,11,Overall,30.9
Entire Network,FluSurv-NET,2013-14,2014,12,Overall,31.6
Entire Network,FluSurv-NET,2013-14,2014,13,Overall,32.3
Entire Network,FluSurv-NET,2013-14,2014,14,Overall,33.1
Entire Network,FluSurv-NET,2013-14,2014,15,Overall,33.9
Entire Network,FluSurv-NET,2013-14,2014,16,Overall,34.6
Entire Network,FluSurv-NET,2013-14,2014,17,Overall,35.5

 Disclaimer:
"The Influenza Hospitalization Surveillance Network (FluSurv-NET) data are preliminary and subject to"
"change as more data become available.  FluSurv-NET conducts population-based surveillance for "
"laboratory-confirmed influenza related hospitalizations in children <18 years of age (since 2003-2004 "
"influenza season) and adults (since 2005-2006 influenza season).  The FluSurv-NET covers over 70"
"counties in the 10 Emerging Infections Program (EIP) states (CA, CO, CT, GA, MD, MN, NM, NY, OR,"
"TN) and additional Influenza Hospitalization Surveillance Project (IHSP) states.   The IHSP began "
"during the 2009-2010 season to enhance surveillance during the 2009 H1N1 pandemic.  IHSP sites "
"included IA, ID, MI, OK and SD during 2009-2010 season; ID, MI, OH, OK, RI, and UT during the"
"2010-2011 season; MI, OH, RI, and UT during the 2011-2012 season; IA, MI, OH, RI, and UT during "
"the 2012-2013 season; and MI, OH, and UT during the 2013-2014 season.  Incidence rates (per 100,000"
"population) are calculated using the National Center for Health Statistics (NCHS) population estimates"
"for the counties included in the surveillance catchment area.  The rates provided are likely to be "
"underestimated as influenza-related hospitalizations can be missed, either because testing is not"
"performed, or because cases may be attributed to other causes of pneumonia or other common"
"influenza-related complications."
